,loss,accuracy,val_loss,val_accuracy
0,0.007757734507322311,0.9973070621490479,0.057569198310375214,0.9789078831672668
1,0.0074566989205777645,0.9972846508026123,0.029672974720597267,0.9917923808097839
